wp_id,title,old_url,new_url,type,warning
62180,Firefox Now Offers a More Private Browsing Experience,https://blog.mozilla.org/en/firefox/firefox-now-offers-a-more-private-browsing-experience/,http://localhost:8000/en-US/blog/firefox-now-offers-a-more-private-browsing-experience/,alt-text,1 image imported without alt text - add descriptions in the image library
62268,"Introducing Firefox Focus - A Free, Fast Private Browser for iPhone",https://blog.mozilla.org/en/firefox/introducing-firefox-focus-a-free-fast-and-easy-to-use-private-browser-for-ios/,http://localhost:8000/en-US/blog/introducing-firefox-focus-a-free-fast-and-easy-to-use-private-browser-for-ios/,alt-text,1 image imported without alt text - add descriptions in the image library
62387,Firefox Private Browsing vs. Chrome Incognito: Which is Faster?,https://blog.mozilla.org/en/firefox/firefox-private-browsing-vs-chrome-incognito/,http://localhost:8000/en-US/blog/firefox-private-browsing-vs-chrome-incognito/,alt-text,3 images imported without alt text - add descriptions in the image library
62485,"Introducing Firefox Monitor, Helping People Take Control After a Data Breach",https://blog.mozilla.org/en/firefox/introducing-firefox-monitor-helping-people-take-control-after-a-data-breach/,http://localhost:8000/en-US/blog/introducing-firefox-monitor-helping-people-take-control-after-a-data-breach/,alt-text,2 images imported without alt text - add descriptions in the image library
62544,"Firefox Now Available with Enhanced Tracking Protection by Default Plus Updates to Facebook Container, Firefox Monitor and Lockwise",https://blog.mozilla.org/en/firefox/firefox-now-available-with-enhanced-tracking-protection-by-default/,http://localhost:8000/en-US/blog/firefox-now-available-with-enhanced-tracking-protection-by-default/,alt-text,4 images imported without alt text - add descriptions in the image library
62557,Today’s Firefox Blocks Third-Party Tracking Cookies and Cryptomining by Default,https://blog.mozilla.org/en/firefox/todays-firefox-blocks-third-party-tracking-cookies-and-cryptomining-by-default/,http://localhost:8000/en-US/blog/todays-firefox-blocks-third-party-tracking-cookies-and-cryptomining-by-default/,alt-text,4 images imported without alt text - add descriptions in the image library
62587,Firefox continues push to bring DNS over HTTPS by default for US users,https://blog.mozilla.org/en/firefox/firefox-continues-push-to-bring-dns-over-https-by-default-for-us-users/,http://localhost:8000/en-US/blog/firefox-continues-push-to-bring-dns-over-https-by-default-for-us-users/,alt-text,1 image imported without alt text - add descriptions in the image library
62645,Six Times Encryption Made It to the Movies,https://blog.mozilla.org/en/firefox/six-times-encryption-made-it-to-the-movies/,http://localhost:8000/en-US/blog/six-times-encryption-made-it-to-the-movies/,caption,hero image caption 'Image source: imdb.com' has no field on the page - dropped
62645,Six Times Encryption Made It to the Movies,https://blog.mozilla.org/en/firefox/six-times-encryption-made-it-to-the-movies/,http://localhost:8000/en-US/blog/six-times-encryption-made-it-to-the-movies/,download,could not download image https://img.youtube.com/vi/gEW1hgCmOiE/hqdefault.jpg after 3 attempts: 404 Client Error: Not Found for url: https://img.youtube.com/vi/gEW1hgCmOiE/hqdefault.jpg
62645,Six Times Encryption Made It to the Movies,https://blog.mozilla.org/en/firefox/six-times-encryption-made-it-to-the-movies/,http://localhost:8000/en-US/blog/six-times-encryption-made-it-to-the-movies/,alt-text,1 image imported without alt text - add descriptions in the image library
62745,What the grayscale challenge taught us about phone addiction,https://blog.mozilla.org/en/firefox/grayscale/,http://localhost:8000/en-US/blog/grayscale/,caption,hero image caption 'grayscale brain' has no field on the page - dropped
62745,What the grayscale challenge taught us about phone addiction,https://blog.mozilla.org/en/firefox/grayscale/,http://localhost:8000/en-US/blog/grayscale/,alt-text,2 images imported without alt text - add descriptions in the image library
62885,Put your multiple online personalities in Firefox Multi-Account Containers,https://blog.mozilla.org/en/firefox/introducing-firefox-multi-account-containers/,http://localhost:8000/en-US/blog/introducing-firefox-multi-account-containers/,alt-text,1 image imported without alt text - add descriptions in the image library
62887,DO NOT PANIC: How to reopen a closed tab,https://blog.mozilla.org/en/firefox/how-to-reopen-closed-tabs-in-any-browser/,http://localhost:8000/en-US/blog/how-to-reopen-closed-tabs-in-any-browser/,alt-text,1 image imported without alt text - add descriptions in the image library
62893,Info Worth Knowing: Which Firefox version are you using?,https://blog.mozilla.org/en/firefox/info-worth-knowing-firefox-version-using/,http://localhost:8000/en-US/blog/info-worth-knowing-firefox-version-using/,alt-text,1 image imported without alt text - add descriptions in the image library
62932,Meet the add-ons manager,https://blog.mozilla.org/en/firefox/add-ons-manager/,http://localhost:8000/en-US/blog/add-ons-manager/,alt-text,5 images imported without alt text - add descriptions in the image library
62935,Facebook Container Extension: Take control of how you’re being tracked,https://blog.mozilla.org/en/firefox/facebook-container-extension/,http://localhost:8000/en-US/blog/facebook-container-extension/,alt-text,2 images imported without alt text - add descriptions in the image library
62940,Cross-site tracking: Let’s unpack that,https://blog.mozilla.org/en/firefox/cross-site-tracking-lets-unpack-that/,http://localhost:8000/en-US/blog/cross-site-tracking-lets-unpack-that/,alt-text,2 images imported without alt text - add descriptions in the image library
62955,"Get your game on, in the browser",https://blog.mozilla.org/en/firefox/get-your-game-on-in-the-browser/,http://localhost:8000/en-US/blog/get-your-game-on-in-the-browser/,alt-text,1 image imported without alt text - add descriptions in the image library
62965,"Your browser is hijacked, now what?",https://blog.mozilla.org/en/firefox/your-browser-is-hijacked-now-what/,http://localhost:8000/en-US/blog/your-browser-is-hijacked-now-what/,alt-text,1 image imported without alt text - add descriptions in the image library
62985,Get the tablet experience you deserve with Firefox for iPad,https://blog.mozilla.org/en/firefox/firefox-for-ipad-tips/,http://localhost:8000/en-US/blog/firefox-for-ipad-tips/,alt-text,3 images imported without alt text - add descriptions in the image library
62998,Save and update passwords in Private Browsing with Firefox,https://blog.mozilla.org/en/firefox/save-passwords-in-private-browsing-firefox/,http://localhost:8000/en-US/blog/save-passwords-in-private-browsing-firefox/,alt-text,3 images imported without alt text - add descriptions in the image library
63006,Stop video autoplay with Firefox,https://blog.mozilla.org/en/firefox/stop-video-autoplay/,http://localhost:8000/en-US/blog/stop-video-autoplay/,alt-text,3 images imported without alt text - add descriptions in the image library
63010,How to create strong passwords,https://blog.mozilla.org/en/firefox/how-to-create-strong-passwords/,http://localhost:8000/en-US/blog/how-to-create-strong-passwords/,link,"image https://blog.mozilla.org/wp-content/blogs.dir/278/files/2019/07/monitor-shot-embed.png links to https://monitor.firefox.com/ - an image block has no link field, so the destination is dropped; re-add it on the page if it is worth keeping"
63010,How to create strong passwords,https://blog.mozilla.org/en/firefox/how-to-create-strong-passwords/,http://localhost:8000/en-US/blog/how-to-create-strong-passwords/,alt-text,2 images imported without alt text - add descriptions in the image library
63023,Firefox Extension Spotlight: Enhancer for YouTube,https://blog.mozilla.org/en/firefox/enhancer-for-youtube/,http://localhost:8000/en-US/blog/enhancer-for-youtube/,download,"could not download image https://addons.cdn.mozilla.net/user-media/previews/thumbs/226/226729.png?modified=1571228825 after 3 attempts: HTTPSConnectionPool(host='addons.cdn.mozilla.net', port=443): Max retries exceeded with url: /user-media/previews/thumbs/226/226729.png?modified=1571228825 (Caused by NameResolutionError(""HTTPSConnection(host='addons.cdn.mozilla.net', port=443): Failed to resolve 'addons.cdn.mozilla.net' ([Errno 8] nodename nor servname provided, or not known)""))"
63023,Firefox Extension Spotlight: Enhancer for YouTube,https://blog.mozilla.org/en/firefox/enhancer-for-youtube/,http://localhost:8000/en-US/blog/enhancer-for-youtube/,alt-text,1 image imported without alt text - add descriptions in the image library
63031,Firefox Extension Spotlight: Image Search Options,https://blog.mozilla.org/en/firefox/firefox-extension-image-search-options/,http://localhost:8000/en-US/blog/firefox-extension-image-search-options/,alt-text,1 image imported without alt text - add descriptions in the image library
63041,Say goodbye to annoying notification requests (unless you want them),https://blog.mozilla.org/en/firefox/block-notification-requests/,http://localhost:8000/en-US/blog/block-notification-requests/,download,"could not download image https://user-media-prod-cdn.itsre-sumo.mozilla.net/uploads/gallery/images/2018-04-09-09-06-49-fc7acb.png after 3 attempts: HTTPSConnectionPool(host='user-media-prod-cdn.itsre-sumo.mozilla.net', port=443): Max retries exceeded with url: /uploads/gallery/images/2018-04-09-09-06-49-fc7acb.png (Caused by NameResolutionError(""HTTPSConnection(host='user-media-prod-cdn.itsre-sumo.mozilla.net', port=443): Failed to resolve 'user-media-prod-cdn.itsre-sumo.mozilla.net' ([Errno 8] nodename nor servname provided, or not known)""))"
63041,Say goodbye to annoying notification requests (unless you want them),https://blog.mozilla.org/en/firefox/block-notification-requests/,http://localhost:8000/en-US/blog/block-notification-requests/,alt-text,2 images imported without alt text - add descriptions in the image library
63044,How to set Firefox as your default browser on Windows,https://blog.mozilla.org/en/firefox/how-to-set-firefox-as-your-default-browser-on-windows/,http://localhost:8000/en-US/blog/how-to-set-firefox-as-your-default-browser-on-windows/,inline-image,"image https://user-media-prod-cdn.itsre-sumo.mozilla.net/uploads/gallery/images/2015-07-27-15-02-22-5df342.png sits inside a <li> - kept in the text block, but editing the page will move it out of it"
63044,How to set Firefox as your default browser on Windows,https://blog.mozilla.org/en/firefox/how-to-set-firefox-as-your-default-browser-on-windows/,http://localhost:8000/en-US/blog/how-to-set-firefox-as-your-default-browser-on-windows/,inline-image,"image https://user-media-prod-cdn.itsre-sumo.mozilla.net/uploads/gallery/images/2015-07-27-16-51-08-daac40.png sits inside a <li> - kept in the text block, but editing the page will move it out of it"
63044,How to set Firefox as your default browser on Windows,https://blog.mozilla.org/en/firefox/how-to-set-firefox-as-your-default-browser-on-windows/,http://localhost:8000/en-US/blog/how-to-set-firefox-as-your-default-browser-on-windows/,download,"could not download image https://user-media-prod-cdn.itsre-sumo.mozilla.net/uploads/gallery/images/2015-07-27-15-02-22-5df342.png after 3 attempts: HTTPSConnectionPool(host='user-media-prod-cdn.itsre-sumo.mozilla.net', port=443): Max retries exceeded with url: /uploads/gallery/images/2015-07-27-15-02-22-5df342.png (Caused by NameResolutionError(""HTTPSConnection(host='user-media-prod-cdn.itsre-sumo.mozilla.net', port=443): Failed to resolve 'user-media-prod-cdn.itsre-sumo.mozilla.net' ([Errno 8] nodename nor servname provided, or not known)""))"
63044,How to set Firefox as your default browser on Windows,https://blog.mozilla.org/en/firefox/how-to-set-firefox-as-your-default-browser-on-windows/,http://localhost:8000/en-US/blog/how-to-set-firefox-as-your-default-browser-on-windows/,download,"could not download image https://user-media-prod-cdn.itsre-sumo.mozilla.net/uploads/gallery/images/2015-07-27-16-51-08-daac40.png after 3 attempts: HTTPSConnectionPool(host='user-media-prod-cdn.itsre-sumo.mozilla.net', port=443): Max retries exceeded with url: /uploads/gallery/images/2015-07-27-16-51-08-daac40.png (Caused by NameResolutionError(""HTTPSConnection(host='user-media-prod-cdn.itsre-sumo.mozilla.net', port=443): Failed to resolve 'user-media-prod-cdn.itsre-sumo.mozilla.net' ([Errno 8] nodename nor servname provided, or not known)""))"
63046,Firefox Extension Spotlight: Privacy Badger,https://blog.mozilla.org/en/firefox/firefox-extension-privacy-badger/,http://localhost:8000/en-US/blog/firefox-extension-privacy-badger/,inline-image,"image https://blog.mozilla.org/wp-content/blogs.dir/278/files/2020/01/PrivacyBadgerLogo.svg sits inside a <h2> - kept in the text block, but editing the page will move it out of it"
63046,Firefox Extension Spotlight: Privacy Badger,https://blog.mozilla.org/en/firefox/firefox-extension-privacy-badger/,http://localhost:8000/en-US/blog/firefox-extension-privacy-badger/,alt-text,2 images imported without alt text - add descriptions in the image library
63062,How to switch from Microsoft Edge to Firefox in just a few minutes,https://blog.mozilla.org/en/firefox/switch-from-microsoft-edge-to-firefox/,http://localhost:8000/en-US/blog/switch-from-microsoft-edge-to-firefox/,inline-image,"image https://blog.mozilla.org/wp-content/blogs.dir/278/files/2020/03/fx_blog_switch-edge-firefox_v02.gif sits inside a <h2> - kept in the text block, but editing the page will move it out of it"
63062,How to switch from Microsoft Edge to Firefox in just a few minutes,https://blog.mozilla.org/en/firefox/switch-from-microsoft-edge-to-firefox/,http://localhost:8000/en-US/blog/switch-from-microsoft-edge-to-firefox/,inline-image,"image https://blog.mozilla.org/wp-content/blogs.dir/278/files/2019/10/skyline-peace-of-mind-full_EN.png sits inside a <a> - kept in the text block, but editing the page will move it out of it"
63062,How to switch from Microsoft Edge to Firefox in just a few minutes,https://blog.mozilla.org/en/firefox/switch-from-microsoft-edge-to-firefox/,http://localhost:8000/en-US/blog/switch-from-microsoft-edge-to-firefox/,alt-text,2 images imported without alt text - add descriptions in the image library
63063,13 Firefox browser extensions to make remote work and school a little better,https://blog.mozilla.org/en/firefox/firefox-extensions-work-from-home/,http://localhost:8000/en-US/blog/firefox-extensions-work-from-home/,alt-text,2 images imported without alt text - add descriptions in the image library
63064,6 Firefox browser extensions that make remote streaming even better,https://blog.mozilla.org/en/firefox/firefox-extensions-streaming/,http://localhost:8000/en-US/blog/firefox-extensions-streaming/,alt-text,2 images imported without alt text - add descriptions in the image library
63091,Get organized with Firefox Collections,https://blog.mozilla.org/en/firefox/get-organized-with-firefox-collections/,http://localhost:8000/en-US/blog/get-organized-with-firefox-collections/,link,"image https://blog.mozilla.org/wp-content/blogs.dir/278/files/2020/08/collections-cta-1.png links to https://app.adjust.com/2uo1qc?campaign=fenix&adgroup=blog2&creative=daylightlaunch&fallback=https%3A%2F%2Fplay.google.com%2Fstore%2Fapps%2Fdetails%3Fid%3Dorg.mozilla.firefox - an image block has no link field, so the destination is dropped; re-add it on the page if it is worth keeping"
63091,Get organized with Firefox Collections,https://blog.mozilla.org/en/firefox/get-organized-with-firefox-collections/,http://localhost:8000/en-US/blog/get-organized-with-firefox-collections/,alt-text,4 images imported without alt text - add descriptions in the image library
65662,How to capture screenshots instantly with Firefox,https://blog.mozilla.org/en/firefox/how-to-capture-screenshots-with-firefox/,http://localhost:8000/en-US/blog/how-to-capture-screenshots-with-firefox/,alt-text,2 images imported without alt text - add descriptions in the image library
67720,Introducing new Colorways for Firefox 94,https://blog.mozilla.org/en/mozilla/introducing-new-colorways-for-firefox-94/,http://localhost:8000/en-US/blog/introducing-new-colorways-for-firefox-94/,alt-text,2 images imported without alt text - add descriptions in the image library
67767,Life is complicated. There’s more than one way to browse to meet your needs with Firefox Focus.,https://blog.mozilla.org/en/firefox/firefox-focus-or-firefox/,http://localhost:8000/en-US/blog/firefox-focus-or-firefox/,embed,https://www.tiktok.com/@mozilla/video/6966371868643298566?_d=secCgYIASAHKAESPgo8uwSwb%2FkyJgA6sMB%2FSn1go8jHIRImgpl%2FCEHiCPqdyn5s%2BEXnq9TFjEWUlLNuYy8RWJS39ouSwQcnqB6gGgA%3D&checksum=aec4b270f876fe1fbee7248a1204e3221fa0689400d670c305570dd762245aef&language=en&preview_pb=0&sec_user_id=MS4wLjABAAAAYnfnSKnblAjXgINhEti-UvTuIO7Sty6vY1VvuetIMLe6ZRLnmpZlN6kiY-KXpj6f&share_app_id=1233&share_item_id=6966371868643298566&share_link_id=38902805-3cc3-4aad-afbf-865e2beacffa&source=h5_m&timestamp=1633557299&u_code=dbmimkg5l76cii&user_id=6815282312735097861 is not a YouTube video - linked as plain text instead of a video block
67767,Life is complicated. There’s more than one way to browse to meet your needs with Firefox Focus.,https://blog.mozilla.org/en/firefox/firefox-focus-or-firefox/,http://localhost:8000/en-US/blog/firefox-focus-or-firefox/,alt-text,1 image imported without alt text - add descriptions in the image library
69205,How to easily switch from Chrome to Firefox,https://blog.mozilla.org/en/firefox/how-to-switch-from-chrome-to-firefox/,http://localhost:8000/en-US/blog/how-to-switch-from-chrome-to-firefox/,inline-image,"image https://lh6.googleusercontent.com/Ra84Vc24WI03nvoObKN5So671AzO2SPk6T2LPxWSJ1XmDx7qNMaClBUH4gpnnCpqT8PWxid02JOoBsIzeQ2_To3-I4kgFwL8VZkFi4HpOOUSgwLokRqEEheDCMtMhuMS16TJxHxafy5ghrZQKQ sits inside a <p> - kept in the text block, but editing the page will move it out of it"
69205,How to easily switch from Chrome to Firefox,https://blog.mozilla.org/en/firefox/how-to-switch-from-chrome-to-firefox/,http://localhost:8000/en-US/blog/how-to-switch-from-chrome-to-firefox/,alt-text,1 image imported without alt text - add descriptions in the image library
70631,4 ways a Firefox account comes in handy,https://blog.mozilla.org/en/firefox/firefox-tips/firefox-account-password-manager-bookmarks-credit-card-autofill/,http://localhost:8000/en-US/blog/firefox-account-password-manager-bookmarks-credit-card-autofill/,caption,hero image caption 'Credit: Nick Velazquez / Mozilla' has no field on the page - dropped
71623,Why settle for one layer of security when you can have 2FA?,https://blog.mozilla.org/en/firefox/what-is-2fa/,http://localhost:8000/en-US/blog/what-is-2fa/,inline-image,"image https://lh5.googleusercontent.com/_-90EQZ0G0Phf3dZEOTsw0CPXuGxXlGVKk1vj-cMiZC4mM0zhwKFoYeeeNENaB16RV1ukEz7TUeGgGNJ3QaGeL2TTDm-5v8FQfmqAVlU-xJSwJSwoanXSAAdMYboRgdYn1ub94WK4JSy_EI17Mer8sc sits inside a <li> - kept in the text block, but editing the page will move it out of it"
73195,Google Meet and the rest of G Workspace are working better than ever on Firefox,https://blog.mozilla.org/en/firefox/google-meet-firefox/,http://localhost:8000/en-US/blog/google-meet-firefox/,author,"the export names no one for karen-kim - imported under that byline, so fill in the real name and email on the author snippet"
73259,Say (an encrypted) hello to a more private internet,https://blog.mozilla.org/en/firefox/encrypted-hello/,http://localhost:8000/en-US/blog/encrypted-hello/,author,"the export names no one for dennis-jackson - imported under that byline, so fill in the real name and email on the author snippet"
73259,Say (an encrypted) hello to a more private internet,https://blog.mozilla.org/en/firefox/encrypted-hello/,http://localhost:8000/en-US/blog/encrypted-hello/,alt-text,3 images imported without alt text - add descriptions in the image library
73958,Got a new device? Don’t skip this small step to make it safer,https://blog.mozilla.org/en/firefox/how-to-install-firefox-set-to-default/,http://localhost:8000/en-US/blog/how-to-install-firefox-set-to-default/,download,could not download image https://lh7-us.googleusercontent.com/tYSzEdDaOyAgbJOlmsd1JYiP2a2UzG7eNRjFXTKPyg10XyRm10pMOOgF1y5-5ZtgXoNYZV0RL0cPOrf4sVkyE-F9pp_w3GezbTlZ6i2JQ6vHWd_FfgN1mcZuJV6I3Dkvmnmx9I-BdxUnisq0tOTzMcM after 3 attempts: 404 Client Error: Not Found for url: https://lh7-us.googleusercontent.com/tYSzEdDaOyAgbJOlmsd1JYiP2a2UzG7eNRjFXTKPyg10XyRm10pMOOgF1y5-5ZtgXoNYZV0RL0cPOrf4sVkyE-F9pp_w3GezbTlZ6i2JQ6vHWd_FfgN1mcZuJV6I3Dkvmnmx9I-BdxUnisq0tOTzMcM
73958,Got a new device? Don’t skip this small step to make it safer,https://blog.mozilla.org/en/firefox/how-to-install-firefox-set-to-default/,http://localhost:8000/en-US/blog/how-to-install-firefox-set-to-default/,alt-text,1 image imported without alt text - add descriptions in the image library
75559,Top 5 Firefox features for tab maximalists,https://blog.mozilla.org/en/firefox/firefox-tips/efficient-tab-management-firefox/,http://localhost:8000/en-US/blog/efficient-tab-management-firefox/,author,"the export names no one for tyler-curry - imported under that byline, so fill in the real name and email on the author snippet"
77332,20 years of Firefox: How a community project changed the web,https://blog.mozilla.org/en/firefox/firefox-milestones/,http://localhost:8000/en-US/blog/firefox-milestones/,alt-text,3 images imported without alt text - add descriptions in the image library
77781,Celebrating 20 years of Firefox with 20 red panda cams,https://blog.mozilla.org/en/firefox/red-panda-cams/,http://localhost:8000/en-US/blog/red-panda-cams/,inline-image,"image https://blog.mozilla.org/wp-content/blogs.dir/278/files/2024/11/image-1.png sits inside a <p> - kept in the text block, but editing the page will move it out of it"
77781,Celebrating 20 years of Firefox with 20 red panda cams,https://blog.mozilla.org/en/firefox/red-panda-cams/,http://localhost:8000/en-US/blog/red-panda-cams/,caption,hero image caption 'Spot the picture-in-picture icon — your key to multitasking with a red panda buddy on your screen.' has no field on the page - dropped
78243,Running inference in web extensions,https://blog.mozilla.org/en/firefox/running-inference-in-web-extensions/,http://localhost:8000/en-US/blog/running-inference-in-web-extensions/,alt-text,1 image imported without alt text - add descriptions in the image library
78366,What is the best hardware concurrency for running inference on CPU?,https://blog.mozilla.org/en/mozilla/ai/ai-tech/what-is-the-best-hardware-concurrency-for-running-inference-on-cpu/,http://localhost:8000/en-US/blog/what-is-the-best-hardware-concurrency-for-running-inference-on-cpu/,author,"the export names no one for paul-adenot - imported under that byline, so fill in the real name and email on the author snippet"
78366,What is the best hardware concurrency for running inference on CPU?,https://blog.mozilla.org/en/mozilla/ai/ai-tech/what-is-the-best-hardware-concurrency-for-running-inference-on-cpu/,http://localhost:8000/en-US/blog/what-is-the-best-hardware-concurrency-for-running-inference-on-cpu/,caption,hero image caption 'DALLE*E Prompt: “Draw a picture of a Firefox running in a field of CPU”' has no field on the page - dropped
78452,Introducing a terms of use and updated privacy notice for Firefox,https://blog.mozilla.org/en/firefox/firefox-terms-of-use/,http://localhost:8000/en-US/blog/firefox-terms-of-use/,author,"the export names no one for ajit-varma - imported under that byline, so fill in the real name and email on the author snippet"
78452,Introducing a terms of use and updated privacy notice for Firefox,https://blog.mozilla.org/en/firefox/firefox-terms-of-use/,http://localhost:8000/en-US/blog/firefox-terms-of-use/,alt-text,2 images imported without alt text - add descriptions in the image library
78463,Browser choice? Here’s how EU’s DMA is helping make it real,https://blog.mozilla.org/en/firefox/eu-digital-markets-act/,http://localhost:8000/en-US/blog/eu-digital-markets-act/,author,"the export names no one for christina-petrova - imported under that byline, so fill in the real name and email on the author snippet"
78493,A smarter VPN experience: Introducing the Mozilla VPN extension for Windows,https://blog.mozilla.org/en/firefox/mozilla-vpn-for-firefox/,http://localhost:8000/en-US/blog/mozilla-vpn-for-firefox/,author,"the export names no one for santiago-andrigo - imported under that byline, so fill in the real name and email on the author snippet"
78614,4 accessibility tools to try in Firefox,https://blog.mozilla.org/en/firefox/accessibility-extensions/,http://localhost:8000/en-US/blog/accessibility-extensions/,author,"the export names no one for kim-bryant|jamie-teh|anna-yeddi - imported under that byline, so fill in the real name and email on the author snippet"
78975,Tackle tab overload with Firefox Tab Groups,https://blog.mozilla.org/en/firefox/firefox-tab-groups/,http://localhost:8000/en-US/blog/firefox-tab-groups/,video,"self-hosted video https://blog.mozilla.org/wp-content/blogs.dir/278/files/2025/04/ENG-Tab-groups-animation-v101.mp4 cannot be imported into a video block - left inline in a text block, but <video> is not a rich text feature, so editing the page will drop it and leave only its caption. Re-host it on assets.mozilla.net to keep it"
78975,Tackle tab overload with Firefox Tab Groups,https://blog.mozilla.org/en/firefox/firefox-tab-groups/,http://localhost:8000/en-US/blog/firefox-tab-groups/,inline-image,"image https://blog.mozilla.org/wp-content/blogs.dir/278/files/2025/04/Create-Tab-Group-Panel.gif sits inside a <li> - kept in the text block, but editing the page will move it out of it"
78975,Tackle tab overload with Firefox Tab Groups,https://blog.mozilla.org/en/firefox/firefox-tab-groups/,http://localhost:8000/en-US/blog/firefox-tab-groups/,inline-image,"image https://blog.mozilla.org/wp-content/blogs.dir/278/files/2025/04/Create-Tab-Group-Panel.png sits inside a <li> - kept in the text block, but editing the page will move it out of it"
78975,Tackle tab overload with Firefox Tab Groups,https://blog.mozilla.org/en/firefox/firefox-tab-groups/,http://localhost:8000/en-US/blog/firefox-tab-groups/,inline-image,"image https://blog.mozilla.org/wp-content/blogs.dir/278/files/2025/04/Drag-Tabs.gif sits inside a <li> - kept in the text block, but editing the page will move it out of it"
78975,Tackle tab overload with Firefox Tab Groups,https://blog.mozilla.org/en/firefox/firefox-tab-groups/,http://localhost:8000/en-US/blog/firefox-tab-groups/,inline-image,"image https://blog.mozilla.org/wp-content/blogs.dir/278/files/2025/04/Manage-Tab-Group-Panel.png sits inside a <li> - kept in the text block, but editing the page will move it out of it"
78975,Tackle tab overload with Firefox Tab Groups,https://blog.mozilla.org/en/firefox/firefox-tab-groups/,http://localhost:8000/en-US/blog/firefox-tab-groups/,inline-image,"image https://blog.mozilla.org/wp-content/blogs.dir/278/files/2025/04/Collapse-groups.gif sits inside a <li> - kept in the text block, but editing the page will move it out of it"
78975,Tackle tab overload with Firefox Tab Groups,https://blog.mozilla.org/en/firefox/firefox-tab-groups/,http://localhost:8000/en-US/blog/firefox-tab-groups/,inline-image,"image https://blog.mozilla.org/wp-content/blogs.dir/278/files/2025/04/TOM-Menu.png sits inside a <li> - kept in the text block, but editing the page will move it out of it"
78975,Tackle tab overload with Firefox Tab Groups,https://blog.mozilla.org/en/firefox/firefox-tab-groups/,http://localhost:8000/en-US/blog/firefox-tab-groups/,author,"the export names no one for stefan-smagula - imported under that byline, so fill in the real name and email on the author snippet"
79100,Jump into Firefox Labs: A place to try new features and help shape Firefox,https://blog.mozilla.org/en/uncategorized/firefox-labs-fx138/,http://localhost:8000/en-US/blog/firefox-labs-fx138/,alt-text,2 images imported without alt text - add descriptions in the image library
79201,'Shifting left' for better accessibility in Firefox,https://blog.mozilla.org/en/firefox/shifting-left-for-better-accessibility/,http://localhost:8000/en-US/blog/shifting-left-for-better-accessibility/,author,"the export names no one for kim-bryant - imported under that byline, so fill in the real name and email on the author snippet"
81018,Firefox features that help you plan a trip (and take it),https://blog.mozilla.org/en/firefox/travel-features/,http://localhost:8000/en-US/blog/travel-features/,video,"self-hosted video https://blog.mozilla.org/wp-content/blogs.dir/278/files/2025/04/ENG-Tab-groups-animation-v101.mp4 cannot be imported into a video block - left inline in a text block, but <video> is not a rich text feature, so editing the page will drop it and leave only its caption. Re-host it on assets.mozilla.net to keep it"
81018,Firefox features that help you plan a trip (and take it),https://blog.mozilla.org/en/firefox/travel-features/,http://localhost:8000/en-US/blog/travel-features/,caption,"hero image caption 'Start planning on your laptop, pick it back up on your phone.' has no field on the page - dropped"
81570,Speeding up Firefox Local AI Runtime,https://blog.mozilla.org/en/mozilla/ai/ai-tech/speeding-up-firefox-local-ai-runtime/,http://localhost:8000/en-US/blog/speeding-up-firefox-local-ai-runtime/,author,"the export names no one for paul-adenot|serge-guelton - imported under that byline, so fill in the real name and email on the author snippet"
82094,"Firefox profiles: Private, focused spaces for all the ways you browse",https://blog.mozilla.org/en/firefox/profile-management/,http://localhost:8000/en-US/blog/profile-management/,author,"the export names no one for susmitha-burra - imported under that byline, so fill in the real name and email on the author snippet"
82237,Choose how you search and stay organized with Firefox,https://blog.mozilla.org/en/firefox/firefox-144/,http://localhost:8000/en-US/blog/firefox-144/,alt-text,1 image imported without alt text - add descriptions in the image library
