wp_id,old_url,new_url
62180,https://blog.mozilla.org/en/firefox/firefox-now-offers-a-more-private-browsing-experience/,http://localhost:8000/en-US/blog/firefox-now-offers-a-more-private-browsing-experience/
62268,https://blog.mozilla.org/en/firefox/introducing-firefox-focus-a-free-fast-and-easy-to-use-private-browser-for-ios/,http://localhost:8000/en-US/blog/introducing-firefox-focus-a-free-fast-and-easy-to-use-private-browser-for-ios/
62387,https://blog.mozilla.org/en/firefox/firefox-private-browsing-vs-chrome-incognito/,http://localhost:8000/en-US/blog/firefox-private-browsing-vs-chrome-incognito/
62485,https://blog.mozilla.org/en/firefox/introducing-firefox-monitor-helping-people-take-control-after-a-data-breach/,http://localhost:8000/en-US/blog/introducing-firefox-monitor-helping-people-take-control-after-a-data-breach/
62544,https://blog.mozilla.org/en/firefox/firefox-now-available-with-enhanced-tracking-protection-by-default/,http://localhost:8000/en-US/blog/firefox-now-available-with-enhanced-tracking-protection-by-default/
62557,https://blog.mozilla.org/en/firefox/todays-firefox-blocks-third-party-tracking-cookies-and-cryptomining-by-default/,http://localhost:8000/en-US/blog/todays-firefox-blocks-third-party-tracking-cookies-and-cryptomining-by-default/
62587,https://blog.mozilla.org/en/firefox/firefox-continues-push-to-bring-dns-over-https-by-default-for-us-users/,http://localhost:8000/en-US/blog/firefox-continues-push-to-bring-dns-over-https-by-default-for-us-users/
62645,https://blog.mozilla.org/en/firefox/six-times-encryption-made-it-to-the-movies/,http://localhost:8000/en-US/blog/six-times-encryption-made-it-to-the-movies/
62745,https://blog.mozilla.org/en/firefox/grayscale/,http://localhost:8000/en-US/blog/grayscale/
62885,https://blog.mozilla.org/en/firefox/introducing-firefox-multi-account-containers/,http://localhost:8000/en-US/blog/introducing-firefox-multi-account-containers/
62886,https://blog.mozilla.org/en/firefox/ad-blocker-roundup-5-adblockers-that-improve-your-internet-experience/,http://localhost:8000/en-US/blog/ad-blocker-roundup-5-adblockers-that-improve-your-internet-experience/
62887,https://blog.mozilla.org/en/firefox/how-to-reopen-closed-tabs-in-any-browser/,http://localhost:8000/en-US/blog/how-to-reopen-closed-tabs-in-any-browser/
62893,https://blog.mozilla.org/en/firefox/info-worth-knowing-firefox-version-using/,http://localhost:8000/en-US/blog/info-worth-knowing-firefox-version-using/
62932,https://blog.mozilla.org/en/firefox/add-ons-manager/,http://localhost:8000/en-US/blog/add-ons-manager/
62935,https://blog.mozilla.org/en/firefox/facebook-container-extension/,http://localhost:8000/en-US/blog/facebook-container-extension/
62940,https://blog.mozilla.org/en/firefox/cross-site-tracking-lets-unpack-that/,http://localhost:8000/en-US/blog/cross-site-tracking-lets-unpack-that/
62955,https://blog.mozilla.org/en/firefox/get-your-game-on-in-the-browser/,http://localhost:8000/en-US/blog/get-your-game-on-in-the-browser/
62965,https://blog.mozilla.org/en/firefox/your-browser-is-hijacked-now-what/,http://localhost:8000/en-US/blog/your-browser-is-hijacked-now-what/
62985,https://blog.mozilla.org/en/firefox/firefox-for-ipad-tips/,http://localhost:8000/en-US/blog/firefox-for-ipad-tips/
62998,https://blog.mozilla.org/en/firefox/save-passwords-in-private-browsing-firefox/,http://localhost:8000/en-US/blog/save-passwords-in-private-browsing-firefox/
63001,https://blog.mozilla.org/en/firefox/hey-advertisers-track-this/,http://localhost:8000/en-US/blog/hey-advertisers-track-this/
63006,https://blog.mozilla.org/en/firefox/stop-video-autoplay/,http://localhost:8000/en-US/blog/stop-video-autoplay/
63010,https://blog.mozilla.org/en/firefox/how-to-create-strong-passwords/,http://localhost:8000/en-US/blog/how-to-create-strong-passwords/
63023,https://blog.mozilla.org/en/firefox/enhancer-for-youtube/,http://localhost:8000/en-US/blog/enhancer-for-youtube/
63031,https://blog.mozilla.org/en/firefox/firefox-extension-image-search-options/,http://localhost:8000/en-US/blog/firefox-extension-image-search-options/
63041,https://blog.mozilla.org/en/firefox/block-notification-requests/,http://localhost:8000/en-US/blog/block-notification-requests/
63044,https://blog.mozilla.org/en/firefox/how-to-set-firefox-as-your-default-browser-on-windows/,http://localhost:8000/en-US/blog/how-to-set-firefox-as-your-default-browser-on-windows/
63046,https://blog.mozilla.org/en/firefox/firefox-extension-privacy-badger/,http://localhost:8000/en-US/blog/firefox-extension-privacy-badger/
63062,https://blog.mozilla.org/en/firefox/switch-from-microsoft-edge-to-firefox/,http://localhost:8000/en-US/blog/switch-from-microsoft-edge-to-firefox/
63063,https://blog.mozilla.org/en/firefox/firefox-extensions-work-from-home/,http://localhost:8000/en-US/blog/firefox-extensions-work-from-home/
63064,https://blog.mozilla.org/en/firefox/firefox-extensions-streaming/,http://localhost:8000/en-US/blog/firefox-extensions-streaming/
63091,https://blog.mozilla.org/en/firefox/get-organized-with-firefox-collections/,http://localhost:8000/en-US/blog/get-organized-with-firefox-collections/
65662,https://blog.mozilla.org/en/firefox/how-to-capture-screenshots-with-firefox/,http://localhost:8000/en-US/blog/how-to-capture-screenshots-with-firefox/
67720,https://blog.mozilla.org/en/mozilla/introducing-new-colorways-for-firefox-94/,http://localhost:8000/en-US/blog/introducing-new-colorways-for-firefox-94/
67767,https://blog.mozilla.org/en/firefox/firefox-focus-or-firefox/,http://localhost:8000/en-US/blog/firefox-focus-or-firefox/
68380,https://blog.mozilla.org/en/firefox/true-colors-with-firefox-pixar-animation-studios-turning-red/,http://localhost:8000/en-US/blog/true-colors-with-firefox-pixar-animation-studios-turning-red/
69205,https://blog.mozilla.org/en/firefox/how-to-switch-from-chrome-to-firefox/,http://localhost:8000/en-US/blog/how-to-switch-from-chrome-to-firefox/
70631,https://blog.mozilla.org/en/firefox/firefox-tips/firefox-account-password-manager-bookmarks-credit-card-autofill/,http://localhost:8000/en-US/blog/firefox-account-password-manager-bookmarks-credit-card-autofill/
71623,https://blog.mozilla.org/en/firefox/what-is-2fa/,http://localhost:8000/en-US/blog/what-is-2fa/
71810,https://blog.mozilla.org/en/firefox/extensions-addons/extensions-for-cleaning-up-a-chaotic-desktop/,http://localhost:8000/en-US/blog/extensions-for-cleaning-up-a-chaotic-desktop/
73195,https://blog.mozilla.org/en/firefox/google-meet-firefox/,http://localhost:8000/en-US/blog/google-meet-firefox/
73259,https://blog.mozilla.org/en/firefox/encrypted-hello/,http://localhost:8000/en-US/blog/encrypted-hello/
73958,https://blog.mozilla.org/en/firefox/how-to-install-firefox-set-to-default/,http://localhost:8000/en-US/blog/how-to-install-firefox-set-to-default/
75453,https://blog.mozilla.org/en/firefox/engaging-with-our-firefox-community-highlights-from-our-recent-ama/,http://localhost:8000/en-US/blog/engaging-with-our-firefox-community-highlights-from-our-recent-ama/
75559,https://blog.mozilla.org/en/firefox/firefox-tips/efficient-tab-management-firefox/,http://localhost:8000/en-US/blog/efficient-tab-management-firefox/
75721,https://blog.mozilla.org/en/firefox/firefox-tips/firefox-hacks-for-everyone/,http://localhost:8000/en-US/blog/firefox-hacks-for-everyone/
75843,https://blog.mozilla.org/en/firefox/firefox-privacy-security-features/,http://localhost:8000/en-US/blog/firefox-privacy-security-features/
77332,https://blog.mozilla.org/en/firefox/firefox-milestones/,http://localhost:8000/en-US/blog/firefox-milestones/
77333,https://blog.mozilla.org/en/firefox/firefox-features-fan-favorites/,http://localhost:8000/en-US/blog/firefox-features-fan-favorites/
77781,https://blog.mozilla.org/en/firefox/red-panda-cams/,http://localhost:8000/en-US/blog/red-panda-cams/
78243,https://blog.mozilla.org/en/firefox/running-inference-in-web-extensions/,http://localhost:8000/en-US/blog/running-inference-in-web-extensions/
78366,https://blog.mozilla.org/en/mozilla/ai/ai-tech/what-is-the-best-hardware-concurrency-for-running-inference-on-cpu/,http://localhost:8000/en-US/blog/what-is-the-best-hardware-concurrency-for-running-inference-on-cpu/
78452,https://blog.mozilla.org/en/firefox/firefox-terms-of-use/,http://localhost:8000/en-US/blog/firefox-terms-of-use/
78463,https://blog.mozilla.org/en/firefox/eu-digital-markets-act/,http://localhost:8000/en-US/blog/eu-digital-markets-act/
78493,https://blog.mozilla.org/en/firefox/mozilla-vpn-for-firefox/,http://localhost:8000/en-US/blog/mozilla-vpn-for-firefox/
78614,https://blog.mozilla.org/en/firefox/accessibility-extensions/,http://localhost:8000/en-US/blog/accessibility-extensions/
78716,https://blog.mozilla.org/en/firefox/about-mozilla-connect/,http://localhost:8000/en-US/blog/about-mozilla-connect/
78975,https://blog.mozilla.org/en/firefox/firefox-tab-groups/,http://localhost:8000/en-US/blog/firefox-tab-groups/
79100,https://blog.mozilla.org/en/uncategorized/firefox-labs-fx138/,http://localhost:8000/en-US/blog/firefox-labs-fx138/
79201,https://blog.mozilla.org/en/firefox/shifting-left-for-better-accessibility/,http://localhost:8000/en-US/blog/shifting-left-for-better-accessibility/
81018,https://blog.mozilla.org/en/firefox/travel-features/,http://localhost:8000/en-US/blog/travel-features/
81233,https://blog.mozilla.org/en/firefox/firefox-localization-community/,http://localhost:8000/en-US/blog/firefox-localization-community/
81368,https://blog.mozilla.org/en/firefox/cjk-translation-on-android/,http://localhost:8000/en-US/blog/cjk-translation-on-android/
81393,https://blog.mozilla.org/en/firefox/firefox-wants-you-join-daily-defiance/,http://localhost:8000/en-US/blog/firefox-wants-you-join-daily-defiance/
81467,https://blog.mozilla.org/en/mozilla/crlite/,http://localhost:8000/en-US/blog/crlite/
81570,https://blog.mozilla.org/en/mozilla/ai/ai-tech/speeding-up-firefox-local-ai-runtime/,http://localhost:8000/en-US/blog/speeding-up-firefox-local-ai-runtime/
82094,https://blog.mozilla.org/en/firefox/profile-management/,http://localhost:8000/en-US/blog/profile-management/
82237,https://blog.mozilla.org/en/firefox/firefox-144/,http://localhost:8000/en-US/blog/firefox-144/
